Name,freq
Kanaloa,1
Lyla,1
Rachel,1
Norene,3
Margaret,2
Nicole,1
Royce,1
Uluwehi,1
Gerard,1
Angelique,4
Michaela,3
Ruth,11
Vern,2
Errol,1
Chiyo,2
Vance,11
Brittni,1
Celine,1
Jan,1
Imani,2
Koichi,2
Deja,2
Nani,3
Reynold,4
Pookela,1
Ocean,2
Tom,1
Tihani,4
Bryant,1
Aryanna,1
Jimmy,1
Cheryl,3
Rona,1
Palani,14
Regan,1
Rain,1
Keona,1
Farrah,1
Danette,1
Shuichi,1
Galen,12
Taliyah,1
Ian,2
Emilia,1
Hoomana,1
Hiromu,1
Christine,1
Glenn,1
Summer,5
William,1
Lennox,706
Landen,1
Leatrice,2
Bonifacio,1
Cecilia,1
Stephen,1
Shirleen,4
Betty,1
Shigeru,1
Sanoe,1
Uilani,1
Katsue,1
Paula,3
Vicki,1
Melinda,1
Charlotte,3
Danielle,1
Rickie,1
Marla,2
Franklin,4
Susanne,1
Kristin,3
Heiau,1
Chevy,78
Alakai,1
Leinaala,1
Loren,1
Katelynn,2
Mitsuru,1
Apekalmoa,2
Kapua,1
Jasmyn,32
Dirk,1
Robert,1
Jesus,2
Brooks,1
Yoshitaka,1
Max,1
Ainsley,1
Jarrod,1
Rae,2
Andrea,1
Jayme,1
Karla,1
Mindy,1
Kortney,7
Jeri,1
Glenda,1
Ebony,1
Harry,1
Faith,1
Delbert,2
Geri,1
Brianne,3
Celia,9
Dorian,1
Lani,1
Cynthia,19
Chaz,1
Florentino,2
Joanne,1
Hayley,17
Lila,2
Koaikaika,4
Reno,2
Peggy,4
Julie,3
Shoso,1
Joshua,3
Adrian,1
Haley,1
Kay,2
Tatianna,3
Jericho,1
Samson,1
Takeo,2
Leland,1
Cade,1
Apollo,1
Braydon,1
Kaoru,1
Weston,3
Lehuanani,2
Joann,5
Melanie,1
Alberto,1
Kristina,2
Punahele,1
Dominic,6
Cecil,1
Sky,1
Ramon,1
Naiya,1
Alan,3
Anna,1
Mandi,1
Keiji,1
Jon,5
Luis,2
Cullen,1
Hema,1
Aiden,3
Malinda,3
Wallace,2
Ichiro,2
Marion,8
Mari,1
Taryn,1
Estrellita,1
Lexi,1
Frances,1
Kailey,2
Danny,1
Ashleyann,1
Paulette,1
Reese,8
Serena,1
Tsuruko,1
Carissa,3
Phillip,1
Isaiah,1
Leroy,1
Takashi,1
Masaichi,2
Jordon,1
Jonas,1
Krysta,1
Iolani,8
Kalea,2
Patience,8
Hans,2
Jordyn,2
Curtis,3
Joleen,1
Yvonne,2
Heath,1
Alice,1
Letitia,1
La,3
Kimo,1
Josette,1
Troy,1
Alison,1
Zaiden,1
Kim,1
Leticia,1
Kelsey,1
Tevin,1
Miracle,1
Meghan,4
Tsutomu,3
Blane,1
Sheldon,2
Malina,1
Lane,1
Adrianna,44
Nanikk,1
Kainani,1
Vera,1
Rosita,1
Sonia,1
Kazuo,559
Kacie,1
Shoichi,1
Nicholas,1
Katsuko,3
Paulo,1
Makayla,3
Brooklyn,1
Yoshiyuki,1
Autumn,1
Selah,1
Jaylen,1
Rachelle,1
Priscilla,1
Ariel,1
Viola,1
Carlene,1
Dee,3
Jay,1
Danelle,3
Rodney,1
Dina,5
Alec,1
Joy,2
Joey,1
Kamea,163
Alfredo,1
Chrystal,1
Kaila,4
Gwen,2
Kaylin,1
Kaikoa,1
Kamakani,4
Sherri,1
Derwin,5
Shanell,1
Lyle,1
Jenilee,2
Adriane,1
Haruyoshi,1
Kolten,1
Sherilyn,18
Ernestine,1
Jerry,9
Alapai,4
Erin,1
Jana,1
Bradford,2
Cherie,1
Makai,1
Whitney,2
Myron,1
Dahlia,1
Shantell,1
Keana,1
Miki,1
Audra,41
Caelyn,1
Lilly,5
Karlee,2
Clyde,2
Elsie,1
Nobuyuki,2
Ronald,11
Natasha,1
Karen,1
Kaysen,5
Fujie,3
Mehana,1
Aurora,1
Camille,1
Katsumi,1
Ramona,3
Blair,1
Maka,2
Cindy,18
Jerrick,1
Adonis,6
Umeno,1
Goldie,1
Robyn,14
Dayton,1
Dustin,1
Stanley,1
Hanako,1
Roman,2
Mikio,1
Azalea,2
Justine,1
Norine,1
Leialoha,11
Ginger,1
Serenity,1
Charmaine,3
Raphael,1
Joni,3
Mia,11
Kenzie,1
Kristl,1
Burt,1
Meredith,2
Jazmyn,5
Aiyana,1
Sharolyn,1
Madeline,1
Carlos,1
Maribel,2
Yoshino,1
Renette,1
Brandie,1
Terri,1
Hiroko,4
Shaelynn,1
Keaka,2
Skylar,3
Cash,1
Kiani,2
Kimi,1
Eldon,1
Katalina,1
Heaven,3
Wilson,2
Jordan,2
Brittney,3
Sueno,2
Pono,1
Zackery,1
Brandi,2
Theodore,2
Kaydence,1
Tehya,4
Adelaide,1
Felicidad,1
Nan,14
Tanya,17
Aniyah,1
Jayla,1
Patti,13
Ekewaka,1
Gregg,2
Leonardo,1
Kisha,1
Willie,1
Ciera,660
Iolani,2
Malie,1
Shizuka,1
Madelyn,1
Drake,14
Brenton,1
Marc,2
Mila,1
Kristofer,1
Asayo,1
Yasmine,1
River,2
Trevor,2
Kaile,1
Harmony,3
Elliot,1
Phoebe,6
Jacquelyn,1
Stone,1
Jamielee,2
Keanu,1
Arielle,2
Teri,4
Masae,2
Cami,3
Mathilda,2
Jocelyn,1
Moana,1
Raiden,2
Amy,3
Bronte,1
Izabella,1
Alyson,4
Lei,1
Leanna,3
Genevieve,40
James,6
Caitlyn,1
Kamalani,1
Evan,1
Khloe,5
Tsuyako,5
Darice,1
Callie,2
Tomoe,1
Maegan,5
Dalen,4
Jenifer,1
Kathy,1
Braiden,1
Codey,1
Eliza,1
Wena,1
Minerva,1
Brandan,1
Precious,1
Jarred,2
Morris,1
Bernadine,1
Nathan,1
Johnny,1
Clint,8
Wendell,1
Shaun,1
Kimora,1
Samantha,1
Isis,1
Akio,1
Kellie,1
Nora,1
Rocco,3
Russel,1
Marianne,1
Laurieann,1
Aloha,1
Tami,59
Hillary,1
Rickey,1
Tate,1
Deena,6
Harper,1
Jeffery,2
Lacy,5
Kelliann,1
Nyah,3
Gideon,1
Carmelita,1
Treston,1
Inez,1
Eve,7
Blayze,1
Lacey,1
Irwin,2
Brysen,1
Joslyn,1
Ezekiel,10
Keli,1
Brooke,2
Winifred,13
Iolana,1
Miyako,1
Aloysius,3
Banyan,1
Gertrude,1
Allyson,1
Haruko,1
Justice,2
Violet,1
Bobby,1
Bryson,1
Raina,1
Kealohilani,5
Alissa,4
Tyler,1
Jo,1
Laurie,1
Kazuyo,1
Taylorann,4
Sydnie,3
Rosemary,1
Destinee,3
Elsa,1
Odetta,2
Georgiana,2
Taro,1
Aliana,2
Dominador,1
Nestor,1
Kaleo,1
Lianne,1
Alamea,1
Nobue,1
Derick,2
Nohealani,9
Maiya,1
Domingo,1
Kash,1
Noa,1
Kassidy,1
Arleen,1
Lou,4
Gina,1
Micah,8
Lea,2
Pakelika,1
Jacelyn,1
Hayden,1
Jack,10
Edith,22
Yoshinobu,3
Hachiro,1
Makena,4
Sawyer,8
Cherilyn,1
Beryl,1
Conner,32
Filomena,1
Kaikea,1
Leighton,2
Keira,7
Bryce,1
Cheyanne,2
Nikolas,4
Satsuki,1
Christy,5
Sarai,3
Tucker,8
Ethel,1
Kalama,1
Masashi,1
Zion,1
Makenna,1
Kristie,1
Colin,1
Gabriella,2
Sophie,2
Kupaa,10
Graham,3
Yasunobu,1
Makaio,1
Sandy,2
Jeremiah,26
Michele,1
Tylor,1
Sandi,1
Audrey,2
Jayden,1
Edward,1
Cole,1
Erwin,2
Rosalie,1
Hidemi,1
Minoaka,3
Cyrus,1
Luka,3
Elisa,1
Ann,1
Carolann,1
Gwendolyn,1
Alma,1
Lanikai,7
Dallas,1
Carey,1
Sidney,3
Sierra,1
Mckenzie,2
Darrel,1
Brendan,7
Mariano,6
Adeline,3
Siaosi,5
Yukio,1
Corinna,1
Kona,3
Hiilei,1
Mercy,1
Faye,1
Toshiko,2
Jeanette,1
Vanda,1
Edwina,1
Alberta,3
Chandra,3
Juliet,1
Kinue,1
Rachael,1
Kaden,4
Alekanekeio,2
Jayda,1
Trisha,1
Keala,1
Jarren,1
Aydan,1
Leonidas,2
Annika,1
Naomi,1
Camila,4
Kaia,3
Yoshito,1
Agnes,1
Sasha,1
Asia,4
Jeremy,1
Hinaea,1
Miguel,1
Norbert,1
Penny,5
Sabrina,4
Matilda,6
Izaiah,4
Miyeko,2
Haylie,17
Staci,4
Chasen,13
Paxton,2
Clarence,1
Sharen,1
Jarrett,1
Kahekili,2
Deneen,1
Gabriel,1
Elizabeth,1
Pua,1
Shana,1
Alo,1
Ashlynn,1
Kendall,1
Leonard,2
Michiko,2
Jaeda,1
Harriet,2
Luluaina,1
Hollie,10
Kaulana,4
Zephaniah,1
Theresa,3
Yoshiaki,1
Kameaimi,1
Mervin,1
Tristan,1
Misha,1
Dominique,81
Jenny,1
Annmarie,3
Zane,1
Kaimana,1
Wilhelmina,1
Liza,1
Aleah,1
Michael,1
Lokela,4
Leo,20
Melody,76
Corrina,1
Ryan,1
Marvis,1
Rene,1
Jodie,1
Gretchen,8
Norman,3
Masanobu,2
Hugh,5
Arline,1
Craig,1
Kyle,1
Aaden,2
Marian,1
Kalena,2
Jarod,1
Marley,1
Shoji,1
Nakita,1
Chandler,2
Havika,1
Maverick,6
Kealoha,1
Arya,1
Mateo,1
Lawrence,5
Marjorie,2
Nainoa,1
Veronica,9
Barton,1
Isla,2
Jacoby,1
Celestine,1
Jaxon,1
Donny,1
Keilani,1
Mitsugi,1
Darryl,1
Maddox,1
Kunio,1
Momoe,1
Kelsi,3
Marci,14
Karl,5
Skye,2
Sumie,2
Fabian,5
Angelica,1
Carter,1
Christina,1
Eloise,5
Diana,1
Urijah,9
Nolan,2
Luanne,1
Paulino,5
Josiah,4
Mike,1
Aja,1
Wanda,5
Colleen,1
Hokulani,1
Jaymie,1
Ashlyn,3
Delilah,1
Kaimana,1
Gianni,11
Achilles,1
Tatsumi,3
Corbin,2
Jean,1
Trinidad,1
Averie,1
Atsushi,2
Ezra,1
Kaipo,1
Irvin,1
Donn,3
Mitzi,1
Maryjane,1
Dorene,1
Jasen,3
August,1
Chase,1
Rhiannon,1
Skyler,1
Dennis,1
Kylan,1
Shea,1
Augustine,6
Lindsay,2
Seth,1
Avery,2
Virginia,1
Harrison,7
Koby,1
Gia,1
Vicky,1
Abraham,1
Pikake,2
Takao,2
Jenna,1
Blayne,1
Shane,1
Joycelyn,1
Tyrus,1
Jitsuo,2
Landon,1
Maureen,1
Makenzie,1
Jennie,1
Teruyo,2
Rosario,1
Allie,1
Carmen,2
Fanny,1
Saburo,2
Rebekah,2
Haleakala,3
Alijah,1
Estelle,13
Misayo,1
Russell,1
Joanna,1
Lyndon,1
Cory,5
Kaya,1
Kingston,5
Rusty,2
Noboru,4
Cheri,1
Napua,1
Rhonda,1
Kalia,1
Victor,1
Jena,17
Chad,1
Keala,1
Janae,1
Roland,1
Marcus,2
Mitsuye,1
Jada,8
Jeanine,1
Jerome,1
Matt,1
Manabu,34
Marjory,1
Kaci,1
Saeko,1
Marcie,2
Drew,2
Leila,1
Martha,1
Hauoli,5
Kolton,5
Tia,1
Alana,41
Tokiko,1
Isabella,5
Kaiden,1
Sonja,1
Tierra,2
Masanori,2
Carly,2
Brannon,7
Lilyana,1
Tamra,1
Masuo,2
Joaquin,1
Brody,1
Desiree,1
Asae,1
Jadon,15
Tristyn,7
Sharyn,1
Shari,1
Lono,1
Lora,1
Aulii,1
Edna,5
Elliana,1
Dena,1
Lesley,1
Eiji,1
Pualani,1
Coco,28
Angeline,1
Valerie,4
Francisca,5
Jairus,1
Kristyn,3
Maddison,1
Leigh,1
Kalani,1
Anita,32
Marylou,20
Hideo,1
Eliana,1
Ruby,15
Mya,1
Randolph,1
Makani,1
Terry,3
Kehaulani,13
Lucia,1
Lindsey,7
Phoenix,5
Masakatsu,10
Tsuruyo,1
Crissy,1
Lisaann,1
Keoni,1
Kazuto,1
Tiana,1
Aaliyah,3
Kazuyoshi,1
Kaena,5
Kazue,3
Windy,19
Kymani,2
Clara,1
Carol,1
Kiyono,3
Louisa,4
Jillian,1
Florence,1
Julio,1
Kailani,1
Tomie,1
Sharla,3
Ayame,1
Kahealani,1
Lucille,1
Karli,1
Masatoshi,1
Yolanda,10
Keikilani,1
Kameko,1
Zechariah,2
Stewart,3
Shaina,1
Christie,1
Dora,5
Aaron,1
Kelly,1
Bridget,1
Ayden,9
Haloa,1
George,9
Nani,17
Lehua,3
Teresa,1
Rosalind,1
Erlinda,1
Aala,66
Joan,2
Jessie,1
Marita,3
Sue,2
Myrtle,2
Nova,3
Marnie,1
Dionne,1
Mahiai,1
Pule,2
Owen,1
Riley,2
Dalton,1
Stanton,1
Jalen,2
Doreen,1
Diamond,52
Freddie,1
Kailana,3
Yuriko,1
Anya,2
Kaylynn,1
Tasha,1
Gabriela,1
Ken,1
Paul,1
Caylee,1
Laila,2
Jazmine,1
Kaelyn,1
Niko,1
Madisyn,1
Matthew,1
Adrienne,1
Saige,1
Tracy,1
Tadao,3
Janell,1
Leilani,1
Susumu,1
Stefanie,3
Pele,1
Justina,1
Miles,3
Lorenzo,1
Zaylee,1
Setsuko,3
Elle,1
Sueo,1
Carolina,3
Malcolm,1
Kurtis,1
KaHiwa,1
Natsuko,1
Elijah,1
Darius,1
Fusaye,1
Darla,1
Lexie,2
Kris,6
Apikaila,1
Chauncey,1
Mabel,1
Dorothy,2
Dawson,1
Gary,1
Ronda,2
Wilfred,8
Hatsumi,50
Ryleigh,1
Tytan,1
Aolani,1
Jarrin,1
Mamo,3
Aliikai,1
Gloria,5
Kellyann,1
Carmela,1
Ashleymarie,1
Yoshimi,3
Susan,1
Toby,6
Mathew,1
Kazumi,1
Alohi,2
Akahi,1
Jesse,37
Itsuko,1
Janine,2
Triton,1
Amelia,20
Myla,1
Sonya,1
Austin,4
Alisa,201
Kyan,2
